Mumbai	Ghatkopar	2024-07-14
Navi Mumbai	Vashi	2024-06-20
Bangalore	Indiranagar	2023-03-02
Mumbai	Kemps Corner	2025-01-31
Pune	Wakad	2025-04-20
Mumbai	Chembur	2024-10-19
Jaipur	Vaishali Nagar	2026-04-05
Pune	Katraj	2025-09-30
Bangalore	Arekere	2025-02-07
Navi Mumbai	Panvel	2026-03-29
Amravati	Rukhmini Nagar	2026-05-27
Bangalore	RT Nagar	2026-05-21
Kurnool	Gayathri Estates	2026-07-09
Hyderabad	Borabanda	2026-05-23
Coimbatore	Bharathi Nagar	2026-01-05
Hyderabad	Kukatpally	2024-11-20
Bangalore	Whitefield	2023-08-26
Pune	Kharadi	2025-02-15
Chennai	Velachery	2025-02-07
Bangalore	Koramangala	2024-06-05
Mumbai	Malad	2024-08-26
Bangalore	HSR Layout	2023-07-22
Pune	Baner	2026-01-13
Delhi NCR	Greater Kailash	2023-05-05
Aurangabad	Garkheda	2026-03-13
Chennai	Tambaram	2025-09-30
Pune	Chinchwad	2025-12-03
Mangaluru	Falnir Rd	2025-09-26
Nashik	Trimurti Chowk	2025-12-08
Hubli	Vidya Nagar	2026-03-19
Bangalore	Mahalakshmi Layout	2025-01-16
Raipur	Shankar Nagar	2026-06-21
Bangalore	Rajajinagar	2026-06-22
Bangalore	Bilekahalli	2026-07-06
Hyderabad	Vanasthalipuram	2026-06-27
Indore	New Palasia	2026-07-13
Mumbai	Mulund	2026-07-06
Chennai	Navalur	2026-07-01
Bangalore	Vijayanagar	2025-06-27
Chennai	Thoraipakkam	2026-03-18
Mysuru	Saraswathipuram	2023-07-06
Chennai	Nungambakkam	2025-04-25
Bangalore	Jayanagar	2024-05-17
Hyderabad	Ameerpet	2023-10-05
Hyderabad	Secunderabad	2024-12-21
Pune	Hadapsar	2024-11-30
Pune	Kothrud	2025-01-29
Mumbai	Borivali	2024-12-17
Mumbai	Thane	2024-07-04
Hyderabad	Narsingi	2025-04-23
Hyderabad	Nallagandla	2026-03-30
Nagpur	Tatya Tope Nagar	2025-09-03
Bangalore	KR Puram	2024-11-27
Delhi NCR	Gurugram	2023-08-13
Bangalore	Kengeri	2026-02-16
Hyderabad	Attapur	2025-01-30
Bangalore	Yelahanka	2026-07-02
Hyderabad	Dilsukhnagar	2025-10-05
Surat	Bhimrad	2026-04-20
Kochi	Ernakulam	2026-07-18
Mumbai	Mira Road	2026-06-28
Chennai	Manapakkam	2026-05-30
Hyderabad	Uppal	2026-06-29
Vadodara	Alkapuri	2026-06-08
Hyderabad	Kondapur	2024-03-06
Mumbai	Andheri East	2023-11-09
Bangalore	Sahakara Nagar	2024-08-28
Bangalore	Electronic City	2024-03-14
Navi Mumbai	Kharghar	2025-02-28
Mumbai	Kalyan West	2024-03-07
Mumbai	Dadar	2024-11-12
Vijayawada	Suryaraopeta	2025-12-14
Hyderabad	Sainikpuri	2025-11-14
Bangalore	Bellandur	2024-10-21
Bhopal	Gulmohar	2026-05-09
Ranchi	Ashok Nagar	2024-05-24
Visakhapatnam	MVP Colony	2026-04-22
Chennai	Mogappair	2026-01-11
Ahmedabad	Paldi	2026-05-01
Bangalore	Brookefield	2026-05-31
Gandhinagar	Kudasan	2026-05-16
Rajkot	University Road	2026-07-12
